,Div,Date,HomeTeam,AwayTeam,FTHG,FTAG,FTR,HTHG,HTAG,HTR,Referee,HS,AS,HST,AST,HF,AF,HC,AC,HY,AY,HR,AR,B365H,B365D,B365A,BWH,BWD,BWA,IWH,IWD,IWA,LBH,LBD,LBA,PSH,PSD,PSA,WHH,WHD,WHA,VCH,VCD,VCA,Bb1X2,BbMxH,BbAvH,BbMxD,BbAvD,BbMxA,BbAvA,BbOU,BbMx>2.5,BbAv>2.5,BbMx<2.5,BbAv<2.5,BbAH,BbAHh,BbMxAHH,BbAvAHH,BbMxAHA,BbAvAHA,PSCH,PSCD,PSCA,Unnamed: 65,Unnamed: 66,Unnamed: 67
0,E0,11/08/17,Arsenal,Leicester,4,3,H,2,2,D,M Dean,27,6,10,3,9,12,9,4,0,1,0,0,1.53,4.5,6.5,1.5,4.6,6.75,1.47,4.5,6.5,1.44,4.4,6.5,1.53,4.55,6.85,1.53,4.2,6.0,1.53,4.5,6.5,41,1.55,1.51,4.6,4.43,6.89,6.44,37,1.65,1.61,2.43,2.32,21,-1.0,1.91,1.85,2.1,2.02,1.49,4.73,7.25,,,
1,E0,12/08/17,Brighton,Man City,0,2,A,0,0,D,M Oliver,6,14,2,4,6,9,3,10,0,2,0,0,11.0,5.5,1.33,11.0,5.25,1.3,8.0,5.3,1.35,10.0,5.0,1.3,10.95,5.55,1.34,10.0,4.8,1.33,10.0,5.5,1.33,40,11.5,10.1,5.6,5.25,1.36,1.32,35,1.7,1.63,2.4,2.27,20,1.5,1.95,1.91,2.01,1.96,11.75,6.15,1.29,,,
2,E0,12/08/17,Chelsea,Burnley,2,3,A,0,3,A,C Pawson,19,10,6,5,16,11,8,5,3,3,2,0,1.25,6.5,15.0,1.22,6.5,12.5,1.22,6.2,13.5,1.25,5.75,15.0,1.26,6.3,15.25,1.25,5.5,13.0,1.25,6.25,15.0,41,1.27,1.24,6.55,6.06,15.5,13.67,36,1.71,1.66,2.33,2.23,20,-1.75,2.03,1.97,1.95,1.9,1.33,5.4,12.25,,,
3,E0,12/08/17,Crystal Palace,Huddersfield,0,3,A,0,2,A,J Moss,14,8,4,6,7,19,12,9,1,3,0,0,1.83,3.6,5.0,1.8,3.5,4.75,1.85,3.5,4.3,1.8,3.4,4.6,1.83,3.58,5.11,1.8,3.3,5.0,1.83,3.6,5.0,41,1.86,1.81,3.65,3.5,5.11,4.82,36,2.19,2.11,1.79,1.72,18,-0.75,2.1,2.05,1.86,1.83,1.79,3.56,5.51,,,
4,E0,12/08/17,Everton,Stoke,1,0,H,1,0,H,N Swarbrick,9,9,4,1,13,10,6,7,1,1,0,0,1.7,3.8,5.75,1.7,3.6,5.5,1.7,3.7,5.0,1.67,3.6,5.25,1.7,3.83,5.81,1.7,3.5,5.5,1.7,3.8,5.75,40,1.71,1.69,3.85,3.69,6.0,5.5,35,2.17,2.08,1.8,1.76,19,-0.75,1.94,1.9,2.01,1.98,1.82,3.49,5.42,,,
5,E0,12/08/17,Southampton,Swansea,0,0,D,0,0,D,M Jones,29,4,2,0,10,13,13,0,2,1,0,0,1.62,4.0,6.5,1.57,4.0,6.0,1.65,3.8,5.3,1.6,3.7,6.0,1.64,3.94,6.35,1.62,3.6,6.0,1.65,4.0,5.5,41,1.66,1.61,4.05,3.84,6.5,5.98,36,2.17,2.08,1.8,1.75,19,-0.75,1.83,1.78,2.16,2.1,1.56,4.25,6.85,,,
6,E0,12/08/17,Watford,Liverpool,3,3,D,2,1,H,A Taylor,9,14,4,5,14,8,3,3,0,3,0,0,6.0,4.2,1.62,6.0,4.2,1.55,5.5,4.0,1.6,5.8,4.0,1.57,5.74,4.29,1.63,5.5,3.8,1.62,6.0,4.0,1.65,41,6.5,5.75,4.3,4.06,1.65,1.6,37,1.89,1.82,2.08,1.99,21,1.0,1.9,1.84,2.13,2.04,6.88,4.27,1.56,,,
7,E0,12/08/17,West Brom,Bournemouth,1,0,H,1,0,H,R Madley,16,9,6,2,15,3,8,2,3,1,0,0,2.4,3.3,3.3,2.4,3.2,3.1,2.3,3.3,3.15,2.4,3.1,3.0,2.46,3.25,3.26,2.5,3.1,3.0,2.5,3.3,3.13,41,2.5,2.43,3.3,3.19,3.3,3.11,36,2.25,2.16,1.75,1.7,22,-0.25,2.12,2.08,1.85,1.81,2.65,3.21,3.02,,,
8,E0,13/08/17,Man United,West Ham,4,0,H,1,0,H,M Atkinson,22,9,6,1,19,7,11,1,2,2,0,0,1.3,5.75,12.0,1.28,5.5,11.0,1.33,5.3,8.7,1.33,5.0,10.0,1.33,5.68,10.85,1.3,5.0,11.0,1.3,5.5,11.5,40,1.35,1.31,5.75,5.29,13.0,10.74,35,1.76,1.7,2.25,2.16,19,-1.5,2.01,1.96,1.95,1.92,1.31,5.79,12.01,,,
9,E0,13/08/17,Newcastle,Tottenham,0,2,A,0,0,D,A Marriner,6,18,3,6,6,10,5,7,1,2,1,0,5.5,4.0,1.7,5.25,3.8,1.67,4.8,3.6,1.75,5.0,3.8,1.67,5.35,4.0,1.71,5.0,3.75,1.7,5.5,4.0,1.7,41,5.5,5.16,4.0,3.87,1.75,1.69,36,1.88,1.81,2.07,2.01,20,0.75,2.06,2.0,1.92,1.87,4.82,3.9,1.8,,,
10,E0,19/08/17,Bournemouth,Watford,0,2,A,0,0,D,R East,6,19,2,7,6,14,8,5,1,3,0,0,2.0,3.6,4.0,1.95,3.5,4.0,1.9,3.5,4.1,1.95,3.5,3.8,1.98,3.63,4.16,1.95,3.4,4.0,2.0,3.6,4.0,36,2.01,1.96,3.7,3.56,4.16,3.9,34,1.9,1.82,2.07,2.01,18,-0.5,1.99,1.96,1.96,1.93,2.1,3.52,3.84,,,
11,E0,19/08/17,Burnley,West Brom,0,1,A,0,0,D,M Atkinson,20,8,0,1,11,11,5,5,1,0,0,1,2.63,3.2,3.0,2.55,3.0,3.1,2.4,3.2,3.05,2.55,3.0,3.0,2.64,3.17,3.07,2.4,3.0,3.0,2.6,3.13,3.13,36,2.72,2.56,3.2,3.1,3.13,3.02,32,2.57,2.46,1.58,1.54,17,-0.25,2.25,2.19,1.77,1.74,2.75,3.01,3.09,,,
12,E0,19/08/17,Leicester,Brighton,2,0,H,1,0,H,L Probert,14,5,4,2,8,10,6,2,1,0,0,0,1.73,3.8,5.5,1.75,3.6,5.0,1.75,3.6,4.8,1.73,3.6,5.0,1.74,3.85,5.43,1.73,3.3,5.5,1.73,3.8,5.4,35,1.78,1.73,3.85,3.7,5.5,5.06,33,2.02,1.96,1.91,1.86,17,-0.75,1.98,1.94,1.98,1.93,1.76,3.73,5.45,,,
13,E0,19/08/17,Liverpool,Crystal Palace,1,0,H,0,0,D,K Friend,23,4,13,1,12,13,4,2,1,3,0,0,1.36,5.25,9.5,1.34,5.25,9.0,1.35,5.3,8.0,1.36,4.8,8.0,1.39,5.24,9.27,1.33,4.5,9.0,1.36,5.25,9.0,36,1.4,1.37,5.4,5.02,10.0,8.86,32,1.6,1.57,2.52,2.4,17,-1.5,2.14,2.07,1.85,1.82,1.39,5.31,9.0,,,
14,E0,19/08/17,Southampton,West Ham,3,2,H,2,1,H,L Mason,14,16,5,8,18,10,7,2,1,1,0,1,1.75,3.8,5.25,1.7,3.8,5.0,1.75,3.6,4.8,1.67,3.6,4.75,1.71,3.96,5.43,1.7,3.6,4.5,1.73,3.8,5.25,36,1.78,1.73,3.96,3.74,5.43,4.96,34,1.9,1.84,2.07,1.98,17,-0.75,1.95,1.91,2.01,1.96,1.7,4.02,5.45,,,
15,E0,19/08/17,Stoke,Arsenal,1,0,H,0,0,D,A Marriner,11,18,4,6,6,11,2,9,0,0,0,0,4.5,3.8,1.85,4.5,3.75,1.78,4.8,3.6,1.75,4.2,3.6,1.8,4.39,3.85,1.88,4.5,3.5,1.8,4.6,3.8,1.83,35,4.8,4.41,3.85,3.69,1.89,1.83,32,1.87,1.8,2.1,2.03,16,0.5,2.12,2.06,1.88,1.83,4.37,3.92,1.86,,,
16,E0,19/08/17,Swansea,Man United,0,4,A,0,1,A,J Moss,6,17,1,8,12,11,3,5,1,1,0,0,11.0,5.0,1.36,9.25,4.75,1.36,7.5,4.8,1.4,11.0,4.75,1.33,12.01,5.33,1.33,10.0,4.5,1.36,12.0,5.0,1.33,36,12.01,10.48,5.33,4.89,1.4,1.35,34,1.97,1.9,2.0,1.93,17,1.25,2.2,2.11,1.82,1.78,11.55,5.25,1.34,,,
17,E0,20/08/17,Huddersfield,Newcastle,1,0,H,0,0,D,C Pawson,7,13,3,5,13,10,7,3,3,4,0,0,2.5,3.25,3.2,2.4,3.25,3.1,2.3,3.3,3.15,2.4,3.1,3.1,2.51,3.31,3.13,2.5,3.1,3.0,2.38,3.25,3.25,36,2.51,2.42,3.31,3.2,3.25,3.12,33,2.26,2.22,1.72,1.67,19,-0.25,2.14,2.08,1.85,1.81,2.83,3.21,2.81,,,
18,E0,20/08/17,Tottenham,Chelsea,1,2,A,0,1,A,A Taylor,18,9,6,2,14,21,14,3,3,3,0,0,2.1,3.6,3.75,2.0,3.5,3.75,2.1,3.4,3.5,2.05,3.4,3.6,2.08,3.58,3.85,2.1,3.3,3.6,2.05,3.4,3.5,36,2.12,2.07,3.65,3.46,3.85,3.65,34,1.98,1.9,1.99,1.92,18,-0.5,2.11,2.07,1.86,1.83,2.16,3.36,3.84,,,
19,E0,21/08/17,Man City,Everton,1,1,D,0,1,A,R Madley,19,7,6,2,7,9,7,1,1,2,1,1,1.33,5.75,10.0,1.33,5.25,9.25,1.35,5.3,8.0,1.28,5.25,11.0,1.31,5.88,11.27,1.33,5.0,9.0,1.3,5.75,9.5,34,1.36,1.31,5.88,5.48,11.27,10.04,30,1.66,1.61,2.5,2.33,15,-1.5,1.95,1.87,2.05,2.0,1.3,6.15,11.1,,,
20,E0,26/08/17,Bournemouth,Man City,1,2,A,1,1,D,M Dean,9,19,3,8,13,14,2,5,5,4,0,1,11.0,6.0,1.3,9.25,5.25,1.33,9.0,6.0,1.3,10.0,5.25,1.3,11.14,5.79,1.32,9.0,5.0,1.33,11.0,6.0,1.3,35,11.14,9.8,6.0,5.58,1.35,1.32,31,1.53,1.49,2.7,2.59,15,1.5,2.04,2.01,1.92,1.88,12.0,6.75,1.27,,,
21,E0,26/08/17,Crystal Palace,Swansea,0,2,A,0,1,A,A Marriner,16,7,3,3,9,6,1,1,4,1,0,0,1.95,3.5,4.33,1.9,3.5,4.2,1.9,3.5,4.1,1.95,3.25,4.2,1.99,3.43,4.41,1.95,3.25,4.2,1.95,3.5,4.4,35,2.02,1.95,3.51,3.42,4.41,4.22,34,2.22,2.15,1.75,1.71,15,-0.25,1.71,1.69,2.34,2.28,2.12,3.3,4.09,,,
22,E0,26/08/17,Huddersfield,Southampton,0,0,D,0,0,D,S Attwell,16,6,6,3,10,10,5,4,0,1,0,0,3.9,3.4,2.1,3.9,3.2,2.1,3.15,3.3,2.3,3.75,3.2,2.05,4.01,3.45,2.08,3.8,3.1,2.1,4.0,3.3,2.1,35,4.01,3.8,3.45,3.32,2.3,2.09,33,2.27,2.19,1.72,1.68,14,0.25,2.18,2.12,1.82,1.78,4.21,3.48,2.02,,,
23,E0,26/08/17,Man United,Leicester,2,0,H,0,0,D,M Oliver,22,11,7,4,8,7,9,3,1,2,0,0,1.33,5.5,11.0,1.34,5.0,9.75,1.25,6.0,11.0,1.33,5.0,9.5,1.33,5.56,11.31,1.33,5.0,9.0,1.33,5.5,10.5,35,1.35,1.33,6.0,5.32,11.31,9.97,33,1.71,1.65,2.33,2.25,15,-1.5,2.04,1.99,1.95,1.9,1.33,5.6,11.25,,,
24,E0,26/08/17,Newcastle,West Ham,3,0,H,1,0,H,N Swarbrick,16,8,8,3,17,11,7,5,1,3,0,0,2.3,3.4,3.4,2.25,3.25,3.4,2.3,3.3,3.15,2.25,3.3,3.1,2.34,3.42,3.33,2.3,3.2,3.2,2.3,3.4,3.4,35,2.45,2.3,3.45,3.34,3.4,3.26,33,2.0,1.94,1.93,1.88,16,-0.25,2.01,1.97,1.95,1.92,2.36,3.45,3.26,,,
25,E0,26/08/17,Watford,Brighton,0,0,D,0,0,D,G Scott,8,16,0,2,7,18,3,11,0,1,1,0,1.91,3.4,4.0,1.9,3.5,4.25,1.85,3.5,4.3,1.95,3.25,4.2,1.99,3.37,4.5,1.95,3.25,4.2,2.0,3.4,4.33,35,2.01,1.95,3.5,3.37,4.55,4.26,33,2.31,2.21,1.72,1.67,15,-0.5,2.02,1.97,1.96,1.93,2.23,3.23,3.81,,,
26,E0,27/08/17,Chelsea,Everton,2,0,H,2,0,H,J Moss,18,7,7,0,12,7,6,3,2,2,0,0,1.45,4.5,8.5,1.42,4.6,8.0,1.45,4.5,7.0,1.44,4.2,7.5,1.47,4.55,8.45,1.44,4.2,8.0,1.45,4.5,8.0,34,1.48,1.45,4.6,4.44,8.5,7.91,32,1.98,1.92,1.98,1.9,15,-1.25,2.12,2.07,1.85,1.82,1.53,4.35,7.4,,,
27,E0,27/08/17,Liverpool,Arsenal,4,0,H,2,0,H,C Pawson,18,8,10,0,6,9,4,3,2,4,0,0,2.15,3.7,3.5,2.15,3.4,3.4,2.1,3.4,3.5,2.1,3.6,3.2,2.16,3.72,3.46,2.2,3.25,3.4,2.2,3.7,3.3,35,2.21,2.14,3.8,3.6,3.55,3.36,32,1.62,1.58,2.53,2.38,16,-0.25,1.89,1.86,2.07,2.03,2.21,3.67,3.25,,,
28,E0,27/08/17,Tottenham,Burnley,1,1,D,0,0,D,L Mason,28,13,5,3,9,9,10,7,0,0,0,0,1.25,6.5,15.0,1.22,6.5,12.5,1.27,6.0,10.0,1.22,5.8,15.0,1.26,6.45,14.0,1.25,5.5,13.0,1.25,6.0,15.0,35,1.27,1.24,6.55,6.16,15.0,13.33,34,1.7,1.66,2.32,2.23,15,-1.75,1.97,1.94,1.98,1.95,1.22,7.25,16.0,,,
29,E0,27/08/17,West Brom,Stoke,1,1,D,0,0,D,A Taylor,10,16,2,2,10,9,10,4,2,2,0,0,2.4,3.1,3.5,2.35,3.1,3.3,2.3,3.3,3.15,2.35,3.0,3.3,2.39,3.12,3.55,2.4,3.0,3.2,2.45,3.1,3.4,35,2.45,2.37,3.3,3.08,3.56,3.36,31,2.71,2.59,1.53,1.5,16,-0.25,2.04,2.01,1.92,1.88,2.66,3.15,3.06,,,
30,E0,09/09/17,Arsenal,Bournemouth,3,0,H,2,0,H,A Taylor,15,6,8,1,14,8,8,2,0,1,0,0,1.36,5.5,9.0,1.36,5.25,8.0,1.33,5.5,8.5,1.36,5.0,8.0,1.39,5.59,8.29,1.36,5.0,8.0,1.36,5.5,9.0,34,1.39,1.36,5.8,5.36,9.0,8.22,25,1.45,1.4,3.0,2.89,14,-1.25,1.81,1.76,2.2,2.15,1.31,6.4,10.0,,,
31,E0,09/09/17,Brighton,West Brom,3,1,H,1,0,H,C Kavanagh,12,12,6,3,9,4,2,6,2,0,0,0,2.7,3.1,3.0,2.6,3.0,3.0,2.65,3.3,2.65,2.55,2.9,3.0,2.76,3.0,3.08,2.62,2.9,3.0,2.7,3.0,3.13,34,2.76,2.63,3.3,3.01,3.2,3.01,30,2.75,2.6,1.53,1.49,15,-0.25,2.29,2.22,1.75,1.71,2.71,3.05,3.09,,,
32,E0,09/09/17,Everton,Tottenham,0,3,A,0,2,A,G Scott,12,15,1,6,14,14,7,3,3,1,0,0,3.8,3.5,2.1,3.6,3.4,2.1,3.5,3.4,2.1,3.7,3.3,2.05,3.94,3.5,2.08,3.5,3.25,2.15,3.8,3.5,2.1,34,3.94,3.69,3.5,3.4,2.15,2.09,33,2.1,2.04,1.86,1.79,15,0.25,2.17,2.12,1.82,1.79,3.98,3.55,2.05,,,
33,E0,09/09/17,Leicester,Chelsea,1,2,A,0,1,A,L Mason,8,16,2,6,11,8,2,9,1,0,0,0,4.75,3.9,1.8,4.6,3.8,1.75,4.5,3.6,1.8,4.4,3.6,1.8,4.73,3.83,1.83,4.33,3.6,1.8,4.6,3.8,1.83,34,4.75,4.51,3.93,3.73,1.84,1.8,33,1.92,1.86,2.01,1.96,15,0.75,1.86,1.83,2.12,2.06,5.0,3.83,1.79,,,
34,E0,09/09/17,Man City,Liverpool,5,0,H,2,0,H,J Moss,13,10,7,3,10,9,8,3,2,2,0,1,1.85,4.0,4.2,1.85,3.8,4.0,2.0,3.4,3.8,1.85,3.8,3.8,1.89,3.94,4.2,1.85,3.75,4.0,1.83,4.0,4.33,34,2.0,1.87,4.0,3.82,4.33,4.03,29,1.56,1.53,2.63,2.51,15,-0.5,1.9,1.87,2.05,2.02,1.89,3.98,4.14,,,
35,E0,09/09/17,Southampton,Watford,0,2,A,0,1,A,L Probert,9,12,1,3,8,11,7,4,0,0,0,0,1.65,4.0,6.0,1.65,3.8,5.5,1.65,3.8,5.3,1.61,3.7,5.5,1.67,3.96,5.95,1.67,3.6,5.5,1.65,4.0,6.0,34,1.72,1.66,4.05,3.86,6.0,5.56,32,2.03,1.97,1.92,1.85,15,-0.75,1.87,1.84,2.09,2.05,1.69,3.99,5.58,,,
36,E0,09/09/17,Stoke,Man United,2,2,D,1,1,D,N Swarbrick,10,18,5,8,10,10,5,11,0,0,0,0,7.5,4.5,1.5,6.5,4.33,1.5,6.2,4.0,1.55,7.0,4.2,1.5,7.42,4.43,1.52,7.0,4.0,1.5,7.5,4.4,1.5,34,7.51,7.02,4.65,4.27,1.55,1.5,33,1.95,1.88,2.0,1.94,15,1.0,2.08,2.05,1.88,1.84,7.4,4.45,1.51,,,
37,E0,10/09/17,Burnley,Crystal Palace,1,0,H,1,0,H,M Oliver,4,23,2,5,7,14,3,13,1,1,0,0,2.3,3.25,3.5,2.3,3.2,3.3,2.5,3.3,2.85,2.3,3.1,3.3,2.36,3.23,3.48,2.38,3.1,3.2,2.38,3.2,3.4,34,2.5,2.33,3.3,3.19,3.51,3.32,31,2.42,2.35,1.65,1.59,16,-0.25,2.02,1.98,1.94,1.9,2.2,3.36,3.73,,,
38,E0,10/09/17,Swansea,Newcastle,0,1,A,0,0,D,M Jones,10,16,4,8,11,15,7,5,2,3,0,0,2.4,3.25,3.3,2.4,3.1,3.2,2.2,3.35,3.3,2.35,3.1,3.1,2.41,3.28,3.32,2.38,3.1,3.2,2.38,3.25,3.3,34,2.5,2.38,3.35,3.2,3.35,3.21,32,2.28,2.17,1.75,1.7,16,-0.25,2.06,2.03,1.9,1.86,2.52,3.26,3.16,,,
39,E0,11/09/17,West Ham,Huddersfield,2,0,H,0,0,D,K Friend,19,10,3,2,11,14,10,3,1,2,0,0,1.95,3.5,4.5,1.83,3.5,4.5,2.0,3.4,3.8,1.91,3.4,4.0,1.97,3.46,4.46,1.85,3.5,4.33,1.93,3.5,4.4,33,2.0,1.92,3.6,3.46,4.65,4.27,32,2.05,1.99,1.88,1.83,14,-0.5,1.97,1.92,2.0,1.96,2.08,3.36,4.14,,,
40,E0,15/09/17,Bournemouth,Brighton,2,1,H,0,0,D,C Pawson,15,9,3,2,5,12,6,4,0,0,0,0,2.15,3.4,3.8,2.1,3.3,3.7,2.2,3.35,3.3,2.15,3.2,3.4,2.17,3.44,3.74,2.1,3.3,3.8,2.15,3.4,3.75,36,2.2,2.14,3.44,3.34,3.95,3.66,35,2.14,2.06,1.86,1.77,16,-0.25,1.87,1.83,2.1,2.05,2.17,3.41,3.76,,,
41,E0,16/09/17,Crystal Palace,Southampton,0,1,A,0,1,A,R Madley,14,13,3,4,14,13,5,5,5,1,0,0,3.0,3.3,2.6,2.95,3.25,2.5,2.85,3.3,2.5,3.0,3.1,2.45,2.99,3.32,2.6,2.8,3.1,2.6,3.0,3.25,2.6,36,3.05,2.95,3.35,3.21,2.67,2.54,35,2.45,2.3,1.67,1.62,15,0.0,2.13,2.07,1.87,1.81,2.89,3.26,2.72,,,
42,E0,16/09/17,Huddersfield,Leicester,1,1,D,0,0,D,J Moss,15,10,3,1,6,6,8,4,1,1,0,0,3.5,3.4,2.25,3.2,3.25,2.3,2.85,3.3,2.5,3.25,3.2,2.25,3.46,3.42,2.28,3.3,3.3,2.2,3.5,3.4,2.25,36,3.5,3.31,3.45,3.33,2.5,2.27,35,2.12,2.05,1.83,1.77,15,0.25,1.98,1.94,1.97,1.93,3.62,3.39,2.23,,,
43,E0,16/09/17,Liverpool,Burnley,1,1,D,1,1,D,R East,35,5,9,4,7,9,12,2,1,2,0,0,1.29,6.0,13.0,1.26,5.75,12.0,1.3,5.5,9.5,1.25,5.75,12.0,1.27,6.3,13.45,1.29,5.0,12.0,1.25,6.0,13.0,36,1.3,1.26,6.4,5.89,13.45,11.99,33,1.62,1.55,2.62,2.44,15,-1.75,2.01,1.94,1.99,1.92,1.26,6.6,13.0,,,
44,E0,16/09/17,Newcastle,Stoke,2,1,H,1,0,H,S Attwell,14,13,3,4,13,11,7,5,3,1,0,0,2.38,3.25,3.4,2.35,3.25,3.2,2.3,3.3,3.15,2.3,3.1,3.2,2.37,3.23,3.46,2.3,3.1,3.3,2.38,3.25,3.4,36,2.43,2.34,3.3,3.21,3.5,3.28,35,2.26,2.17,1.75,1.69,16,-0.25,2.04,1.99,1.92,1.88,2.17,3.45,3.71,,,
45,E0,16/09/17,Tottenham,Swansea,0,0,D,0,0,D,M Dean,26,4,8,0,11,9,11,1,1,3,0,0,1.22,7.0,15.0,1.22,6.5,12.5,1.27,5.8,10.5,1.22,6.0,15.0,1.25,6.7,14.0,1.22,6.0,13.0,1.22,7.0,15.0,36,1.27,1.23,7.0,6.38,15.0,13.26,33,1.6,1.54,2.51,2.46,15,-1.75,1.89,1.86,2.08,2.02,1.21,7.95,14.25,,,
46,E0,16/09/17,Watford,Man City,0,6,A,0,3,A,A Taylor,7,28,1,10,8,6,3,11,2,0,0,0,9.0,6.0,1.33,9.25,5.25,1.33,8.0,5.3,1.35,8.5,5.0,1.36,9.83,5.64,1.35,8.0,5.5,1.33,9.5,5.5,1.33,36,10.0,8.75,6.0,5.36,1.37,1.34,32,1.53,1.5,2.74,2.57,14,1.5,1.95,1.9,2.03,1.98,9.35,6.1,1.33,,,
47,E0,16/09/17,West Brom,West Ham,0,0,D,0,0,D,P Tierney,6,9,1,1,15,7,2,3,2,2,0,0,2.38,3.25,3.4,2.3,3.2,3.25,2.3,3.3,3.15,2.35,3.1,3.2,2.36,3.27,3.43,2.3,3.1,3.3,2.38,3.25,3.4,36,2.45,2.33,3.35,3.22,3.5,3.29,35,2.25,2.2,1.78,1.68,16,-0.25,2.02,1.99,1.93,1.89,2.34,3.27,3.49,,,
48,E0,17/09/17,Chelsea,Arsenal,0,0,D,0,0,D,M Oliver,13,11,4,2,11,15,5,1,1,3,1,0,1.8,4.0,4.5,1.75,4.0,4.4,1.85,3.5,4.3,1.75,3.8,4.25,1.81,4.02,4.57,1.8,3.5,4.5,1.8,4.0,4.5,36,1.85,1.8,4.02,3.85,4.85,4.37,33,1.68,1.62,2.4,2.3,15,-0.75,2.07,2.02,1.88,1.85,1.77,3.99,4.88,,,
49,E0,17/09/17,Man United,Everton,4,0,H,1,0,H,A Marriner,16,7,7,3,15,14,4,1,1,1,0,0,1.36,5.25,10.0,1.34,5.0,10.0,1.35,5.3,8.0,1.33,4.8,10.0,1.35,5.3,10.93,1.33,4.5,11.0,1.33,5.25,12.0,36,1.36,1.34,5.5,5.09,12.0,10.03,35,1.82,1.76,2.12,2.07,14,-1.25,1.8,1.75,2.24,2.15,1.35,5.33,10.31,,,
50,E0,23/09/17,Burnley,Huddersfield,0,0,D,0,0,D,C Kavanagh,5,9,3,2,9,13,3,4,3,2,0,0,2.15,3.25,3.9,2.15,3.1,3.75,2.2,3.25,3.4,2.15,3.1,3.6,2.21,3.23,3.89,2.1,3.1,3.8,2.2,3.25,3.8,40,2.22,2.17,3.35,3.19,3.9,3.71,35,2.5,2.4,1.62,1.57,19,-0.25,1.9,1.85,2.07,2.03,2.41,3.16,3.46,,,
51,E0,23/09/17,Everton,Bournemouth,2,1,H,0,0,D,M Atkinson,12,8,4,4,12,11,4,6,3,1,0,0,1.65,4.0,5.75,1.65,3.75,5.5,1.65,3.8,5.3,1.67,3.75,5.2,1.72,3.92,5.43,1.67,3.6,5.5,1.67,4.0,5.75,39,1.72,1.68,4.0,3.83,5.75,5.34,36,1.93,1.85,2.04,1.96,18,-0.75,1.94,1.88,2.05,2.0,1.74,3.85,5.37,,,
52,E0,23/09/17,Leicester,Liverpool,2,3,A,1,2,A,A Taylor,12,23,7,6,13,14,3,6,3,3,0,0,4.1,3.9,1.91,4.0,3.75,1.87,3.8,3.4,2.0,4.0,3.7,1.85,4.27,3.87,1.89,4.0,3.5,1.91,4.3,3.9,1.87,40,4.3,4.07,4.0,3.74,2.0,1.89,36,1.75,1.69,2.31,2.18,17,0.75,1.82,1.78,2.16,2.11,4.4,4.18,1.81,,,
53,E0,23/09/17,Man City,Crystal Palace,5,0,H,1,0,H,N Swarbrick,25,5,9,0,6,7,8,2,3,1,0,0,1.14,10.0,21.0,1.15,8.5,15.0,1.15,7.5,18.0,1.13,8.5,21.0,1.15,10.0,18.5,1.14,7.5,21.0,1.13,10.0,22.0,40,1.16,1.14,10.0,8.84,23.0,19.23,31,1.38,1.36,3.4,3.13,18,-2.25,1.91,1.86,2.06,2.02,1.13,11.0,21.0,,,
54,E0,23/09/17,Southampton,Man United,0,1,A,0,1,A,C Pawson,14,9,4,4,12,9,8,4,1,4,0,0,5.5,3.8,1.73,5.25,3.7,1.7,4.8,3.6,1.75,4.8,3.5,1.73,5.35,3.82,1.75,5.0,3.6,1.73,5.4,3.8,1.73,40,5.5,5.08,3.85,3.69,1.77,1.73,36,2.13,2.03,1.85,1.78,18,0.75,1.95,1.91,2.02,1.96,4.77,3.74,1.84,,,
55,E0,23/09/17,Stoke,Chelsea,0,4,A,0,2,A,M Dean,13,7,2,4,5,14,5,0,2,2,0,0,6.0,4.1,1.62,5.75,4.0,1.6,5.7,3.9,1.6,5.5,3.9,1.6,5.69,4.25,1.64,6.0,3.6,1.62,5.75,4.1,1.62,40,6.1,5.66,4.25,4.04,1.67,1.61,38,1.83,1.78,2.14,2.05,18,0.75,2.2,2.13,1.8,1.77,6.65,4.6,1.53,,,
56,E0,23/09/17,Swansea,Watford,1,2,A,0,1,A,L Mason,10,8,3,4,9,16,5,4,1,3,0,0,2.4,3.3,3.25,2.35,3.2,3.2,2.2,3.35,3.3,2.3,3.2,3.1,2.43,3.29,3.28,2.3,3.2,3.2,2.38,3.3,3.3,40,2.45,2.36,3.4,3.26,3.3,3.17,36,2.19,2.09,1.8,1.75,19,-0.25,2.07,2.01,1.9,1.87,2.42,3.24,3.35,,,
57,E0,23/09/17,West Ham,Tottenham,2,3,A,0,2,A,M Oliver,10,15,4,5,10,20,4,3,4,2,0,1,6.0,4.33,1.6,5.5,4.1,1.6,4.9,3.8,1.7,5.5,4.0,1.57,5.95,4.36,1.61,5.5,4.0,1.6,6.0,4.3,1.6,40,6.0,5.6,4.36,4.15,1.7,1.6,37,1.75,1.69,2.26,2.18,19,1.0,1.9,1.86,2.07,2.01,5.85,4.37,1.61,,,
58,E0,24/09/17,Brighton,Newcastle,1,0,H,0,0,D,A Marriner,7,17,3,5,6,8,2,8,2,1,0,0,2.8,3.1,2.9,2.7,3.1,2.8,2.65,3.3,2.65,2.65,3.0,2.8,2.78,3.1,2.96,2.7,3.1,2.7,2.75,3.13,2.9,40,2.85,2.7,3.3,3.1,2.96,2.83,36,2.55,2.4,1.62,1.57,18,-0.25,2.36,2.3,1.71,1.66,2.89,3.15,2.8,,,
59,E0,25/09/17,Arsenal,West Brom,2,0,H,1,0,H,R Madley,16,7,6,3,8,17,7,4,1,4,0,0,1.33,5.5,11.0,1.34,5.25,8.75,1.33,5.3,8.7,1.33,5.0,9.5,1.36,5.45,10.0,1.33,5.0,9.0,1.33,5.4,10.5,39,1.38,1.34,5.65,5.22,11.0,9.49,35,1.73,1.64,2.35,2.25,17,-1.5,2.06,2.0,1.91,1.88,1.34,5.56,10.78,,,
60,E0,30/09/17,Bournemouth,Leicester,0,0,D,0,0,D,G Scott,19,8,4,1,6,10,7,5,1,0,0,0,2.8,3.25,2.5,2.7,3.3,2.5,2.65,3.3,2.65,2.75,3.4,2.5,2.9,3.48,2.58,2.75,3.4,2.5,2.8,3.5,2.6,38,2.9,2.78,3.5,3.36,2.68,2.53,34,1.88,1.81,2.07,2.01,17,0.0,2.08,2.02,1.9,1.85,2.64,3.55,2.78,,,
61,E0,30/09/17,Chelsea,Man City,0,1,A,0,0,D,M Atkinson,4,17,2,6,8,13,4,8,0,2,0,0,2.75,3.3,2.5,2.75,3.5,2.5,2.65,3.3,2.65,2.75,3.4,2.45,2.84,3.63,2.54,2.8,3.3,2.5,2.8,3.5,2.45,38,2.91,2.78,3.63,3.44,2.69,2.49,34,1.75,1.7,2.25,2.15,17,0.0,2.09,2.04,1.89,1.84,2.77,3.48,2.69,,,
62,E0,30/09/17,Huddersfield,Tottenham,0,4,A,0,3,A,N Swarbrick,6,14,1,7,7,4,4,7,1,1,0,0,8.5,4.75,1.36,8.0,4.75,1.36,7.0,4.5,1.45,8.0,4.6,1.4,9.54,5.0,1.4,8.0,4.5,1.4,9.0,4.8,1.4,39,9.54,8.47,5.05,4.7,1.45,1.39,34,1.79,1.74,2.2,2.1,17,1.25,2.02,1.98,1.96,1.9,9.0,4.92,1.42,,,
63,E0,30/09/17,Man United,Crystal Palace,4,0,H,2,0,H,M Dean,18,6,7,1,6,9,6,5,0,0,0,0,1.17,7.0,15.0,1.15,7.0,16.5,1.17,7.5,15.0,1.17,7.0,21.0,1.19,7.9,19.0,1.17,7.0,17.0,1.18,7.5,22.0,38,1.19,1.17,8.03,7.29,23.0,17.9,33,1.62,1.58,2.45,2.36,18,-2.0,1.95,1.89,2.02,1.98,1.2,7.8,17.0,,,
64,E0,30/09/17,Stoke,Southampton,2,1,H,1,0,H,M Jones,17,21,6,3,11,10,5,6,1,2,0,0,2.88,3.2,2.45,2.8,3.2,2.5,2.7,3.15,2.7,3.0,3.1,2.45,3.06,3.38,2.52,2.9,3.2,2.5,2.88,3.3,2.6,38,3.06,2.9,3.38,3.22,2.73,2.51,34,2.25,2.17,1.78,1.69,16,0.25,1.82,1.75,2.2,2.14,2.95,3.32,2.63,,,
65,E0,30/09/17,West Brom,Watford,2,2,D,2,1,H,M Oliver,9,15,4,3,12,11,7,6,3,0,0,0,2.15,3.2,3.5,2.15,3.1,3.5,2.25,3.35,3.2,2.25,3.0,3.5,2.33,3.13,3.69,2.25,3.1,3.4,2.25,3.2,3.7,38,2.35,2.24,3.35,3.14,3.7,3.49,33,2.55,2.44,1.58,1.55,18,-0.25,1.96,1.92,2.0,1.96,2.17,3.32,3.87,,,
66,E0,30/09/17,West Ham,Swansea,1,0,H,0,0,D,R East,9,6,4,1,15,13,2,1,3,2,0,0,1.8,3.5,4.5,1.8,3.4,4.5,1.9,3.5,4.1,1.85,3.4,4.25,1.9,3.49,4.84,1.83,3.5,4.33,1.9,3.5,4.6,38,1.91,1.86,3.6,3.46,4.9,4.47,34,2.08,2.01,1.86,1.81,17,-0.5,1.92,1.87,2.04,2.0,1.84,3.64,4.94,,,
67,E0,01/10/17,Arsenal,Brighton,2,0,H,1,0,H,K Friend,25,9,12,1,7,8,6,5,0,2,0,0,1.2,6.5,13.0,1.22,6.0,12.0,1.25,6.5,10.0,1.25,5.8,13.0,1.27,6.65,12.35,1.22,6.0,13.0,1.25,6.5,12.0,38,1.27,1.24,6.65,6.16,14.0,12.23,33,1.63,1.55,2.62,2.43,17,-1.75,1.98,1.94,1.98,1.93,1.26,6.65,13.5,,,
68,E0,01/10/17,Everton,Burnley,0,1,A,0,1,A,J Moss,23,5,4,2,14,7,9,3,2,2,0,0,1.67,3.6,5.75,1.62,3.7,5.5,1.7,3.7,5.0,1.67,3.6,5.5,1.68,3.81,6.2,1.62,3.6,6.0,1.67,3.75,6.0,37,1.7,1.65,3.9,3.71,6.2,5.74,33,2.18,2.08,1.8,1.75,17,-0.75,1.89,1.86,2.06,2.01,1.71,3.77,5.75,,,
69,E0,01/10/17,Newcastle,Liverpool,1,1,D,1,1,D,C Pawson,8,17,5,2,11,6,1,5,1,1,0,0,5.0,3.8,1.67,5.0,4.0,1.67,4.6,3.75,1.75,4.6,3.9,1.7,5.09,4.17,1.71,5.0,3.75,1.7,5.2,4.0,1.7,38,5.2,4.82,4.17,3.9,1.77,1.71,34,1.73,1.68,2.3,2.18,17,0.75,2.01,1.96,1.95,1.91,5.02,4.14,1.72,,,
70,E0,14/10/17,Burnley,West Ham,1,1,D,0,1,A,S Attwell,20,8,5,6,11,14,7,4,2,2,0,1,2.75,3.25,2.8,2.65,3.25,2.75,2.6,3.3,2.7,2.65,3.1,2.7,2.8,3.23,2.83,2.6,3.2,2.88,2.75,3.25,2.8,33,2.81,2.67,3.3,3.18,2.89,2.78,30,2.34,2.22,1.71,1.65,17,-0.25,2.37,2.29,1.7,1.66,3.08,3.3,2.51,,,
71,E0,14/10/17,Crystal Palace,Chelsea,2,1,H,2,1,H,A Marriner,14,15,5,5,7,6,5,8,2,1,0,0,9.0,5.0,1.4,9.0,5.0,1.36,7.5,4.8,1.4,8.5,4.5,1.4,8.5,4.92,1.43,9.5,4.8,1.36,8.5,4.6,1.44,34,9.5,8.46,5.0,4.67,1.45,1.4,29,1.87,1.81,2.05,1.99,17,1.25,1.97,1.89,2.06,1.98,7.65,4.62,1.49,,,
72,E0,14/10/17,Liverpool,Man United,0,0,D,0,0,D,M Atkinson,19,6,5,1,7,13,7,3,0,2,0,0,2.8,3.25,2.8,2.7,3.3,2.65,2.65,3.3,2.65,2.62,3.3,2.62,2.77,3.32,2.79,2.75,3.2,2.75,2.75,3.4,2.7,34,2.87,2.71,3.4,3.26,2.8,2.7,30,1.99,1.9,1.98,1.91,17,0.0,1.98,1.93,1.98,1.94,2.75,3.29,2.82,,,
73,E0,14/10/17,Man City,Stoke,7,2,H,3,1,H,C Pawson,20,5,11,1,5,8,5,0,0,1,0,0,1.14,9.5,21.0,1.14,9.0,16.0,1.17,7.5,15.0,1.13,8.5,15.0,1.16,9.0,19.9,1.14,8.5,21.0,1.14,9.5,17.0,34,1.17,1.14,9.5,8.69,23.0,18.5,28,1.36,1.31,3.6,3.39,17,-2.5,2.12,2.06,1.86,1.82,1.14,10.5,20.0,,,
74,E0,14/10/17,Swansea,Huddersfield,2,0,H,1,0,H,P Tierney,7,7,3,2,12,16,5,3,1,5,0,0,2.2,3.25,3.75,2.15,3.1,3.8,2.1,3.4,3.5,2.1,3.1,3.75,2.21,3.16,3.98,2.15,3.2,3.8,2.2,3.2,3.9,33,2.21,2.15,3.4,3.13,4.1,3.78,30,2.69,2.52,1.55,1.51,18,-0.25,1.9,1.84,2.11,2.04,2.09,3.32,4.16,,,
75,E0,14/10/17,Tottenham,Bournemouth,1,0,H,0,0,D,R Madley,18,5,6,1,9,7,9,5,1,3,0,0,1.2,8.0,15.0,1.19,7.25,14.0,1.25,6.0,11.0,1.2,6.5,15.0,1.21,7.92,14.37,1.2,7.5,13.0,1.22,7.5,13.0,34,1.25,1.2,8.0,7.1,16.0,13.4,28,1.44,1.38,3.1,2.96,18,-2.0,2.04,1.97,1.95,1.89,1.27,7.25,11.5,,,
76,E0,14/10/17,Watford,Arsenal,2,1,H,0,1,A,N Swarbrick,11,9,2,6,8,10,2,5,1,0,0,0,5.25,4.33,1.65,5.25,4.1,1.62,4.6,3.7,1.75,5.0,4.0,1.6,5.49,4.37,1.64,5.5,4.2,1.62,5.5,4.4,1.62,34,5.65,5.17,4.4,4.18,1.75,1.63,29,1.61,1.55,2.55,2.41,17,0.75,2.17,2.12,1.82,1.77,5.0,4.2,1.72,,,
77,E0,15/10/17,Brighton,Everton,1,1,D,0,0,D,M Oliver,12,13,3,6,12,10,7,1,4,1,0,0,3.25,3.3,2.4,3.2,3.2,2.35,2.95,3.3,2.4,3.2,3.0,2.4,3.22,3.18,2.53,3.25,3.2,2.38,3.3,3.1,2.5,33,3.3,3.19,3.3,3.14,2.53,2.41,28,2.6,2.43,1.61,1.55,17,0.25,1.85,1.81,2.14,2.07,3.24,3.15,2.57,,,
78,E0,15/10/17,Southampton,Newcastle,2,2,D,0,1,A,K Friend,12,19,2,5,11,12,3,8,1,2,0,0,1.91,3.6,4.5,1.85,3.5,4.5,1.8,3.6,4.5,1.83,3.4,4.5,1.87,3.58,4.85,1.85,3.6,4.5,1.87,3.5,4.75,34,1.91,1.85,3.6,3.49,4.9,4.5,30,2.21,2.11,1.78,1.72,17,-0.5,1.9,1.85,2.08,2.03,1.86,3.57,4.92,,,
79,E0,16/10/17,Leicester,West Brom,1,1,D,0,0,D,M Dean,11,5,3,1,13,6,4,1,2,2,0,0,2.05,3.4,4.2,2.0,3.3,4.1,1.9,3.5,4.1,2.0,3.25,3.9,2.03,3.4,4.28,2.0,3.4,4.0,2.05,3.4,4.0,33,2.13,2.01,3.5,3.32,4.3,3.99,28,2.18,2.1,1.82,1.73,15,-0.25,1.78,1.71,2.26,2.19,2.0,3.38,4.45,,,
80,E0,20/10/17,West Ham,Brighton,0,3,A,0,2,A,M Atkinson,16,7,2,5,5,13,10,3,1,0,0,0,1.83,3.5,5.25,1.8,3.5,4.75,1.85,3.5,4.3,1.8,3.3,4.75,1.82,3.53,5.34,1.83,3.3,5.0,1.83,3.5,5.2,36,1.87,1.82,3.55,3.42,5.43,4.96,32,2.36,2.24,1.71,1.65,19,-0.75,2.11,2.06,1.86,1.81,1.79,3.57,5.54,,,
81,E0,21/10/17,Chelsea,Watford,4,2,H,1,1,D,J Moss,14,16,8,5,13,16,6,6,2,3,0,0,1.36,5.25,10.0,1.35,5.0,9.25,1.35,5.3,8.0,1.36,4.8,9.0,1.4,5.08,8.95,1.36,5.0,9.0,1.36,5.25,9.5,36,1.4,1.36,5.5,5.02,10.0,8.7,31,1.67,1.6,2.45,2.32,19,-1.25,1.93,1.85,2.1,2.03,1.37,5.35,9.6,,,
82,E0,21/10/17,Huddersfield,Man United,2,1,H,2,0,H,L Mason,5,9,3,3,10,12,4,7,4,2,0,0,11.0,5.0,1.36,9.5,5.25,1.33,8.0,5.3,1.35,10.0,4.6,1.33,11.73,5.12,1.35,11.0,5.0,1.33,10.0,5.0,1.36,36,11.73,10.29,5.3,4.87,1.37,1.34,35,2.07,1.95,1.92,1.86,19,1.25,2.1,2.05,1.88,1.83,9.75,4.9,1.4,,,
83,E0,21/10/17,Man City,Burnley,3,0,H,1,0,H,R East,15,6,10,0,10,6,4,5,2,3,0,0,1.11,12.0,26.0,1.09,11.0,26.0,1.15,7.5,18.0,1.1,11.0,26.0,1.12,12.2,23.0,1.11,9.0,26.0,1.11,11.5,22.0,36,1.15,1.1,12.4,10.5,31.0,23.54,30,1.3,1.27,3.9,3.66,19,-2.75,2.06,2.0,1.93,1.87,1.12,11.5,24.0,,,
84,E0,21/10/17,Newcastle,Crystal Palace,1,0,H,0,0,D,S Attwell,7,10,3,0,12,14,3,5,4,2,0,0,2.0,3.5,4.2,1.95,3.4,4.1,1.9,3.5,4.1,1.95,3.3,4.0,1.98,3.58,4.24,2.05,3.1,4.2,1.95,3.5,4.33,36,2.06,1.97,3.6,3.41,4.33,4.05,31,2.12,2.05,1.86,1.77,19,-0.25,1.73,1.69,2.34,2.24,1.88,3.65,4.64,,,
85,E0,21/10/17,Southampton,West Brom,1,0,H,0,0,D,G Scott,20,7,6,2,10,8,8,3,0,1,0,0,1.85,3.39,5.25,1.8,3.4,5.0,1.9,3.5,4.1,1.8,3.3,5.0,1.82,3.47,5.49,1.83,3.4,5.0,1.83,3.4,5.5,36,1.9,1.81,3.6,3.37,5.5,5.04,33,2.48,2.37,1.62,1.58,19,-0.75,2.11,2.06,1.85,1.81,1.9,3.31,5.19,,,
86,E0,21/10/17,Stoke,Bournemouth,1,2,A,0,2,A,L Probert,10,7,2,3,17,10,8,3,0,1,0,0,2.14,3.5,3.6,2.2,3.3,3.4,2.0,3.4,3.8,2.1,3.3,3.4,2.21,3.44,3.61,2.2,3.3,3.5,2.15,3.5,3.6,36,2.23,2.15,3.5,3.38,3.8,3.48,32,2.02,1.94,1.97,1.87,20,-0.25,1.9,1.85,2.07,2.03,2.16,3.55,3.62,,,
87,E0,21/10/17,Swansea,Leicester,1,2,A,0,1,A,M Oliver,19,11,4,6,6,9,7,6,0,1,0,0,2.79,3.25,2.75,2.75,3.25,2.65,2.4,3.3,2.95,2.8,3.2,2.55,2.83,3.31,2.74,2.9,3.1,2.62,2.88,3.3,2.7,36,2.9,2.77,3.31,3.21,2.95,2.65,31,2.21,2.11,1.79,1.72,19,0.0,2.05,1.97,1.94,1.9,2.89,3.27,2.71,,,
88,E0,22/10/17,Everton,Arsenal,2,5,A,1,1,D,C Pawson,8,30,3,14,14,14,0,7,1,1,1,0,3.79,3.6,2.04,3.9,3.6,1.95,3.8,3.4,2.0,3.6,3.5,2.0,3.84,3.71,2.04,4.0,3.3,2.05,4.0,3.6,2.0,35,4.0,3.77,3.75,3.52,2.1,2.01,31,1.87,1.81,2.13,2.01,18,0.25,2.24,2.16,1.78,1.73,4.7,3.88,1.82,,,
89,E0,22/10/17,Tottenham,Liverpool,4,1,H,3,1,H,A Marriner,14,12,6,7,2,8,3,5,0,1,0,0,2.25,3.5,3.39,2.15,3.4,3.4,2.2,3.35,3.3,2.15,3.5,3.2,2.22,3.62,3.4,2.15,3.4,3.5,2.2,3.6,3.4,35,2.25,2.18,3.62,3.48,3.5,3.32,32,1.7,1.66,2.33,2.23,20,-0.25,1.93,1.88,2.03,1.99,2.24,3.62,3.36,,,
90,E0,28/10/17,Arsenal,Swansea,2,1,H,0,1,A,L Mason,17,4,5,2,9,9,5,2,0,0,0,0,1.25,7.0,12.0,1.25,6.5,10.5,1.25,6.0,11.0,1.22,6.5,13.0,1.24,7.35,13.5,1.22,7.0,13.0,1.25,7.0,13.0,35,1.25,1.22,7.35,6.7,15.0,12.66,28,1.48,1.41,3.0,2.83,20,-2.0,2.07,2.01,1.9,1.85,1.2,8.3,15.0,,,
91,E0,28/10/17,Bournemouth,Chelsea,0,1,A,0,0,D,C Pawson,7,18,1,5,5,5,5,5,2,0,0,0,6.0,4.2,1.61,5.25,4.2,1.62,5.7,3.9,1.6,5.0,4.0,1.61,5.59,4.29,1.65,5.5,4.2,1.62,5.4,4.3,1.65,35,6.0,5.35,4.3,4.14,1.68,1.62,34,1.7,1.63,2.38,2.26,20,1.0,1.85,1.82,2.13,2.07,6.2,4.4,1.58,,,
92,E0,28/10/17,Crystal Palace,West Ham,2,2,D,0,2,A,R Madley,19,6,9,2,18,15,11,2,1,2,0,0,2.39,3.29,3.29,2.35,3.3,3.1,2.4,3.3,2.95,2.3,3.2,3.2,2.36,3.34,3.37,2.4,3.3,3.1,2.4,3.3,3.3,35,2.41,2.34,3.4,3.27,3.37,3.2,31,2.17,2.08,1.8,1.75,20,-0.25,2.06,2.02,1.91,1.86,2.56,3.19,3.16,,,
93,E0,28/10/17,Liverpool,Huddersfield,3,0,H,0,0,D,K Friend,16,1,8,0,10,8,9,2,0,1,0,0,1.25,6.75,13.0,1.22,6.5,12.5,1.25,6.0,11.0,1.25,5.8,12.0,1.25,6.7,14.0,1.25,6.5,12.0,1.25,6.5,13.0,35,1.29,1.24,6.9,6.33,14.0,12.15,32,1.53,1.48,2.75,2.61,20,-2.0,2.26,2.16,1.79,1.73,1.25,6.7,14.0,,,
94,E0,28/10/17,Man United,Tottenham,1,0,H,0,0,D,J Moss,11,13,3,4,12,14,6,3,1,0,0,0,2.14,3.39,3.79,2.05,3.4,3.8,2.2,3.35,3.3,2.15,3.2,3.5,2.23,3.38,3.62,2.15,3.4,3.6,2.25,3.3,3.6,35,2.25,2.16,3.5,3.3,3.8,3.6,32,2.25,2.15,1.77,1.7,20,-0.25,1.93,1.87,2.06,2.01,2.1,3.43,3.96,,,
95,E0,28/10/17,Watford,Stoke,0,1,A,0,1,A,M Oliver,13,6,0,2,10,9,8,1,4,4,0,0,2.04,3.6,3.79,2.05,3.4,3.75,2.1,3.4,3.5,2.0,3.4,3.7,2.04,3.69,3.86,2.05,3.5,3.75,2.05,3.6,3.9,35,2.13,2.03,3.69,3.52,3.9,3.71,32,1.98,1.91,1.98,1.91,19,-0.25,1.78,1.74,2.22,2.16,2.02,3.57,4.07,,,
96,E0,28/10/17,West Brom,Man City,2,3,A,1,2,A,M Jones,6,15,4,5,10,7,1,2,2,3,0,0,11.0,6.5,1.28,11.5,6.25,1.25,11.0,6.0,1.25,13.0,5.8,1.25,12.41,6.83,1.26,12.0,6.5,1.25,13.0,6.5,1.25,34,13.0,11.86,6.83,6.18,1.29,1.25,32,1.57,1.53,2.6,2.48,19,1.75,1.98,1.93,1.98,1.94,11.0,6.4,1.29,,,
97,E0,29/10/17,Brighton,Southampton,1,1,D,0,1,A,N Swarbrick,7,6,2,1,9,10,2,7,3,1,0,0,3.29,3.2,2.45,3.1,3.1,2.45,2.85,3.3,2.5,3.2,3.0,2.37,3.35,3.23,2.43,3.25,3.2,2.38,3.3,3.13,2.45,34,3.35,3.21,3.3,3.13,2.5,2.4,32,2.55,2.44,1.6,1.54,18,0.25,1.88,1.83,2.11,2.06,3.42,3.29,2.36,,,
98,E0,29/10/17,Leicester,Everton,2,0,H,2,0,H,A Marriner,9,16,3,2,6,10,3,10,0,2,0,0,2.14,3.39,3.75,2.15,3.3,3.6,2.2,3.35,3.3,2.1,3.3,3.4,2.16,3.47,3.71,2.15,3.4,3.5,2.2,3.4,3.6,33,2.22,2.13,3.5,3.37,3.75,3.53,30,2.02,1.94,1.93,1.86,19,-0.25,1.88,1.84,2.11,2.04,2.08,3.45,4.0,,,
99,E0,30/10/17,Burnley,Newcastle,1,0,H,0,0,D,M Dean,12,12,5,5,9,10,5,3,3,0,0,0,2.89,3.2,2.7,2.85,3.2,2.6,2.65,3.3,2.65,2.9,3.0,2.55,3.05,3.13,2.69,2.88,3.1,2.7,3.0,3.2,2.63,34,3.05,2.9,3.3,3.12,2.7,2.6,33,2.41,2.3,1.67,1.6,18,0.0,2.11,2.04,1.85,1.83,3.22,3.13,2.56,,,
100,E0,04/11/17,Huddersfield,West Brom,1,0,H,1,0,H,R East,7,9,3,3,8,15,3,5,1,4,1,0,2.79,3.0,3.0,2.65,3.0,2.95,2.5,3.1,3.0,2.75,2.9,2.8,2.78,3.01,3.04,2.7,3.0,3.0,2.75,3.0,3.0,36,2.85,2.73,3.1,2.96,3.04,2.93,32,2.96,2.75,1.49,1.44,19,-0.25,2.4,2.29,1.7,1.66,2.99,2.92,2.91,,,
101,E0,04/11/17,Newcastle,Bournemouth,0,1,A,0,0,D,P Tierney,16,16,4,6,11,12,11,9,2,2,0,0,2.0,3.5,4.2,1.95,3.5,4.0,1.9,3.5,4.1,1.95,3.4,3.9,1.99,3.47,4.36,2.0,3.4,4.0,2.0,3.5,4.2,36,2.06,1.98,3.5,3.42,4.36,4.05,35,2.1,2.01,1.89,1.8,19,-0.5,2.02,1.98,1.95,1.91,1.83,3.63,5.0,,,
102,E0,04/11/17,Southampton,Burnley,0,1,A,0,0,D,L Probert,13,5,3,1,4,4,9,1,0,0,0,0,1.66,3.75,6.5,1.62,3.6,6.5,1.75,3.6,4.8,1.61,3.5,6.0,1.64,3.76,6.91,1.67,3.5,6.5,1.65,3.75,6.5,36,1.75,1.64,3.8,3.64,7.0,6.2,34,2.4,2.28,1.67,1.63,19,-0.75,1.87,1.84,2.1,2.05,1.67,3.7,6.58,,,
103,E0,04/11/17,Stoke,Leicester,2,2,D,1,1,D,R Madley,11,14,7,4,12,8,4,10,0,0,0,0,2.7,3.29,2.87,2.55,3.3,2.8,2.4,3.3,2.95,2.62,3.2,2.65,2.74,3.33,2.82,2.7,3.2,2.8,2.75,3.3,2.8,36,2.75,2.65,3.35,3.25,2.95,2.77,35,2.07,2.0,1.85,1.81,19,0.0,1.97,1.91,2.0,1.96,2.65,3.26,2.97,,,
104,E0,04/11/17,Swansea,Brighton,0,1,A,0,1,A,M Dean,12,5,2,2,13,12,8,7,2,1,0,0,2.39,3.2,3.39,2.35,3.1,3.3,2.2,3.35,3.3,2.35,3.0,3.2,2.47,3.13,3.38,2.4,3.1,3.3,2.4,3.2,3.4,36,2.47,2.38,3.35,3.1,3.44,3.29,32,2.55,2.42,1.61,1.56,20,-0.25,2.08,2.03,1.9,1.86,2.72,2.99,3.14,,,
105,E0,04/11/17,West Ham,Liverpool,1,4,A,0,2,A,N Swarbrick,6,15,1,7,9,13,2,3,3,0,0,0,5.25,4.33,1.66,5.0,4.1,1.65,4.8,3.6,1.75,5.2,4.0,1.61,5.53,4.29,1.65,5.0,4.2,1.67,5.5,4.3,1.65,36,5.55,5.17,4.33,4.13,1.75,1.64,34,1.68,1.63,2.38,2.28,20,1.0,1.84,1.79,2.16,2.08,6.29,4.68,1.54,,,
106,E0,05/11/17,Chelsea,Man United,1,0,H,0,0,D,A Taylor,18,10,8,2,16,20,4,7,1,3,0,0,2.5,3.2,3.2,2.45,3.2,3.0,2.5,3.1,3.0,2.45,3.1,3.0,2.54,3.22,3.17,2.5,3.2,3.1,2.5,3.2,3.13,36,2.6,2.47,3.25,3.15,3.2,3.07,34,2.41,2.28,1.67,1.62,20,-0.25,2.17,2.11,1.83,1.79,2.62,3.1,3.16,,,
107,E0,05/11/17,Everton,Watford,3,2,H,0,0,D,G Scott,10,11,5,3,14,12,2,5,0,2,0,0,2.2,3.39,3.6,2.1,3.4,3.6,2.1,3.4,3.5,2.15,3.25,3.4,2.21,3.38,3.67,2.15,3.3,3.6,2.15,3.4,3.7,35,2.25,2.16,3.45,3.34,3.8,3.52,31,2.1,2.02,1.87,1.8,19,-0.25,1.89,1.85,2.08,2.03,2.27,3.3,3.61,,,
108,E0,05/11/17,Man City,Arsenal,3,1,H,1,0,H,M Oliver,9,6,5,3,15,15,5,5,1,6,0,0,1.39,5.5,7.5,1.4,5.0,7.5,1.55,4.5,5.3,1.4,4.8,6.5,1.43,5.2,7.69,1.44,4.8,7.0,1.4,5.5,7.5,36,1.55,1.42,5.5,5.02,7.7,7.0,27,1.42,1.36,3.65,3.1,19,-1.25,1.93,1.87,2.04,2.0,1.41,5.65,7.5,,,
109,E0,05/11/17,Tottenham,Crystal Palace,1,0,H,0,0,D,K Friend,12,11,2,3,6,7,10,9,0,2,0,0,1.28,6.0,12.0,1.26,6.0,11.0,1.27,6.0,10.0,1.28,5.5,11.0,1.31,6.11,10.98,1.29,5.5,12.0,1.3,6.0,11.5,36,1.31,1.28,6.5,5.87,12.0,10.96,27,1.5,1.47,2.75,2.63,19,-1.5,1.88,1.84,2.1,2.04,1.34,5.5,10.6,,,
110,E0,18/11/17,Arsenal,Tottenham,2,0,H,2,0,H,M Dean,14,14,5,4,11,16,7,4,4,1,0,0,2.5,3.6,2.89,2.45,3.4,2.85,2.5,3.5,2.7,2.35,3.5,2.8,2.5,3.62,2.92,2.5,3.5,2.8,2.5,3.6,2.9,35,2.54,2.43,3.62,3.51,2.95,2.85,32,1.69,1.62,2.35,2.27,19,-0.25,2.19,2.11,1.83,1.78,2.49,3.5,3.0,,,
111,E0,18/11/17,Bournemouth,Huddersfield,4,0,H,2,0,H,L Probert,11,20,5,3,13,10,8,11,3,2,1,0,1.83,3.5,5.25,1.83,3.4,4.75,2.0,3.4,3.8,1.8,3.4,4.75,1.84,3.49,5.23,1.85,3.3,5.0,1.83,3.6,5.0,35,2.0,1.82,3.6,3.42,5.25,4.85,30,2.25,2.16,1.75,1.69,19,-0.5,1.86,1.82,2.11,2.07,1.81,3.66,5.16,,,
112,E0,18/11/17,Burnley,Swansea,2,0,H,2,0,H,M Atkinson,16,13,7,1,12,12,8,6,1,1,0,0,2.14,3.2,4.0,2.1,3.2,3.9,1.9,3.3,4.4,2.1,3.1,3.9,2.13,3.17,4.24,2.1,3.2,4.0,2.15,3.13,4.2,35,2.22,2.11,3.3,3.12,4.4,3.96,32,2.69,2.55,1.55,1.5,19,-0.25,1.82,1.78,2.16,2.1,2.41,2.98,3.71,,,
113,E0,18/11/17,Crystal Palace,Everton,2,2,D,2,2,D,A Taylor,16,8,7,5,9,26,9,4,2,3,0,0,2.39,3.25,3.29,2.4,3.25,3.1,2.6,3.25,2.75,2.3,3.1,3.2,2.37,3.3,3.4,2.4,3.2,3.2,2.38,3.25,3.4,35,2.6,2.36,3.3,3.21,3.4,3.2,30,2.26,2.18,1.74,1.68,20,-0.25,2.05,2.0,1.91,1.87,2.24,3.25,3.75,,,
114,E0,18/11/17,Leicester,Man City,0,2,A,0,1,A,G Scott,2,12,0,4,8,10,1,7,1,1,0,0,9.5,5.75,1.33,8.0,5.75,1.33,8.0,5.3,1.35,8.5,5.2,1.33,9.06,5.89,1.35,9.5,5.0,1.35,9.5,5.75,1.33,35,9.5,8.54,5.89,5.49,1.37,1.34,28,1.45,1.41,3.0,2.82,19,1.5,1.99,1.94,1.98,1.93,8.26,5.65,1.38,,,
115,E0,18/11/17,Liverpool,Southampton,3,0,H,2,0,H,M Jones,21,5,8,0,15,9,10,2,1,1,0,0,1.39,5.0,9.0,1.4,4.75,8.25,1.45,4.4,7.2,1.4,4.6,8.0,1.41,5.14,8.67,1.4,4.8,8.5,1.4,5.0,9.5,35,1.45,1.39,5.17,4.87,9.5,8.29,31,1.7,1.65,2.35,2.24,19,-1.25,1.92,1.87,2.05,2.0,1.42,5.07,8.47,,,
116,E0,18/11/17,Man United,Newcastle,4,1,H,2,1,H,C Pawson,16,12,7,5,10,9,11,4,1,1,0,0,1.28,5.75,13.0,1.26,5.75,11.5,1.27,5.8,10.5,1.28,5.2,13.0,1.29,5.7,15.0,1.3,5.0,13.0,1.3,5.75,12.0,35,1.3,1.28,5.8,5.43,15.0,12.54,32,1.91,1.84,2.05,1.98,19,-1.5,1.94,1.9,2.02,1.98,1.27,6.0,15.0,,,
117,E0,18/11/17,West Brom,Chelsea,0,4,A,0,3,A,J Moss,7,11,2,7,13,12,3,4,2,3,0,0,6.5,4.0,1.61,5.75,4.0,1.6,6.2,4.0,1.55,6.0,3.75,1.53,6.46,4.09,1.61,6.5,3.75,1.62,6.25,4.1,1.62,35,6.5,6.13,4.1,3.89,1.65,1.6,31,2.13,2.05,1.83,1.77,20,1.0,1.86,1.82,2.1,2.06,6.92,4.36,1.55,,,
118,E0,19/11/17,Watford,West Ham,2,0,H,1,0,H,A Marriner,17,10,7,6,13,10,3,1,1,4,0,0,2.1,3.5,3.75,2.1,3.25,3.7,2.2,3.35,3.3,2.05,3.4,3.5,2.13,3.5,3.79,2.1,3.5,3.6,2.1,3.5,3.7,35,2.2,2.1,3.52,3.42,3.8,3.61,32,1.95,1.89,1.98,1.91,20,-0.25,1.85,1.81,2.13,2.08,2.32,3.26,3.54,,,
119,E0,20/11/17,Brighton,Stoke,2,2,D,1,2,A,L Mason,9,13,3,6,13,5,6,7,1,0,0,0,2.39,3.2,3.39,2.4,3.1,3.2,2.4,3.3,2.95,2.35,3.0,3.25,2.38,3.16,3.52,2.4,3.1,3.3,2.4,3.13,3.4,34,2.45,2.38,3.3,3.11,3.52,3.27,30,2.51,2.39,1.62,1.57,19,-0.25,2.07,2.02,1.92,1.85,2.41,3.19,3.42,,,
120,E0,24/11/17,West Ham,Leicester,1,1,D,1,1,D,M Atkinson,8,7,4,2,9,12,5,5,1,1,0,0,2.7,3.39,2.75,2.75,3.3,2.6,2.5,3.3,2.85,2.7,3.3,2.7,2.74,3.32,2.82,2.75,3.2,2.75,2.7,3.4,2.75,35,2.87,2.71,3.4,3.29,2.85,2.7,31,2.05,1.98,1.9,1.83,18,0.25,1.69,1.66,2.4,2.31,2.89,3.27,2.71,,,
121,E0,25/11/17,Crystal Palace,Stoke,2,1,H,0,0,D,M Dean,10,9,5,3,9,5,5,2,1,1,0,0,2.04,3.5,4.0,2.0,3.4,3.9,2.1,3.4,3.5,2.0,3.3,3.75,2.08,3.44,4.03,2.1,3.1,4.0,2.05,3.5,4.0,35,2.13,2.04,3.5,3.35,4.03,3.85,30,2.1,2.03,1.85,1.79,18,-0.25,1.79,1.75,2.21,2.15,1.95,3.63,4.29,,,
122,E0,25/11/17,Liverpool,Chelsea,1,1,D,0,0,D,M Oliver,16,11,4,3,10,7,7,8,0,0,0,0,2.14,3.6,3.5,2.15,3.5,3.3,2.2,3.3,3.4,2.05,3.6,3.3,2.12,3.68,3.62,2.15,3.3,3.6,2.15,3.6,3.5,35,2.2,2.12,3.68,3.5,3.7,3.46,29,1.75,1.69,2.3,2.17,19,-0.25,1.86,1.83,2.11,2.06,2.21,3.59,3.45,,,
123,E0,25/11/17,Man United,Brighton,1,0,H,0,0,D,N Swarbrick,15,8,4,2,9,9,5,0,0,2,0,0,1.19,7.0,19.0,1.18,7.25,15.5,1.2,6.5,15.0,1.18,6.5,19.0,1.19,7.42,20.97,1.22,5.5,21.0,1.18,7.5,22.0,35,1.22,1.19,7.5,6.72,22.0,18.1,29,1.75,1.67,2.3,2.2,20,-2.0,2.11,2.05,1.86,1.83,1.2,7.45,19.0,,,
124,E0,25/11/17,Newcastle,Watford,0,3,A,0,2,A,C Kavanagh,12,12,2,4,8,13,6,3,1,2,0,0,2.2,3.5,3.5,2.2,3.3,3.4,2.1,3.4,3.5,2.15,3.3,3.4,2.18,3.48,3.59,2.25,3.2,3.5,2.2,3.4,3.6,35,2.33,2.2,3.5,3.34,3.6,3.42,30,2.1,2.01,1.89,1.81,19,-0.25,1.9,1.87,2.07,2.01,2.4,3.37,3.26,,,
125,E0,25/11/17,Swansea,Bournemouth,0,0,D,0,0,D,S Attwell,10,9,1,5,18,6,4,5,4,2,0,0,2.79,3.25,2.79,2.8,3.1,2.7,2.5,3.3,2.85,2.75,3.1,2.65,2.83,3.27,2.77,2.8,3.2,2.7,2.8,3.25,2.75,35,2.9,2.75,3.33,3.18,2.85,2.71,29,2.26,2.18,1.75,1.68,18,-0.25,2.41,2.34,1.68,1.64,3.01,3.3,2.6,,,
126,E0,25/11/17,Tottenham,West Brom,1,1,D,0,1,A,M Jones,24,5,5,2,10,13,8,0,1,4,0,0,1.25,6.0,16.0,1.22,6.25,13.5,1.3,5.5,9.5,1.25,5.5,13.0,1.27,6.2,14.35,1.25,5.5,15.0,1.25,6.25,13.0,35,1.3,1.25,6.25,5.83,17.0,13.89,29,1.76,1.69,2.26,2.16,19,-1.75,2.05,2.0,1.91,1.88,1.26,6.6,13.65,,,
127,E0,26/11/17,Burnley,Arsenal,0,1,A,0,0,D,L Mason,8,17,2,2,8,14,5,5,2,0,0,0,6.5,4.5,1.53,5.75,4.4,1.55,5.7,3.9,1.6,5.75,4.0,1.57,5.89,4.47,1.6,6.0,4.2,1.57,6.25,4.33,1.57,35,6.5,5.83,4.52,4.24,1.63,1.57,33,1.79,1.72,2.2,2.12,20,1.0,1.95,1.9,2.03,1.97,6.25,4.2,1.61,,,
128,E0,26/11/17,Huddersfield,Man City,1,2,A,1,0,H,C Pawson,4,14,0,5,10,10,3,7,2,3,1,0,17.0,8.0,1.18,15.0,7.25,1.18,15.0,6.5,1.2,17.0,7.0,1.18,15.5,8.24,1.2,17.0,6.5,1.2,18.0,8.0,1.18,35,19.0,15.71,8.24,7.29,1.21,1.18,27,1.51,1.46,2.88,2.65,20,2.0,2.05,2.0,1.91,1.87,17.0,8.3,1.19,,,
129,E0,26/11/17,Southampton,Everton,4,1,H,1,1,D,K Friend,17,5,5,2,6,13,7,2,0,0,0,0,1.9,3.39,4.75,1.83,3.5,4.6,2.0,3.4,3.8,1.83,3.3,4.6,1.88,3.49,4.98,1.91,3.3,4.5,1.83,3.5,5.2,34,2.0,1.87,3.5,3.39,5.2,4.64,28,2.33,2.25,1.7,1.64,18,-0.75,2.2,2.15,1.82,1.75,1.81,3.72,5.0,,,
130,E0,28/11/17,Brighton,Crystal Palace,0,0,D,0,0,D,A Marriner,10,10,4,4,13,8,10,5,2,0,0,0,2.7,3.1,3.0,2.6,3.1,2.9,2.5,3.15,2.95,2.65,3.1,2.9,2.68,3.17,3.01,2.62,3.1,2.9,2.7,3.1,3.0,35,2.75,2.64,3.17,3.07,3.05,2.93,31,2.6,2.44,1.6,1.55,19,-0.25,2.29,2.24,1.73,1.69,2.77,3.1,2.97,,,
131,E0,28/11/17,Leicester,Tottenham,2,1,H,2,0,H,A Taylor,7,18,4,6,7,10,4,9,1,2,0,0,5.0,3.89,1.75,4.75,3.75,1.75,4.7,3.7,1.75,4.75,3.9,1.75,4.86,3.98,1.78,4.8,3.75,1.75,5.0,3.9,1.75,35,5.0,4.75,4.0,3.82,1.8,1.75,29,1.85,1.77,2.14,2.05,19,0.75,1.95,1.92,2.01,1.96,5.05,3.7,1.81,,,
132,E0,28/11/17,Watford,Man United,2,4,A,0,3,A,J Moss,12,15,3,7,12,10,5,5,2,1,0,0,5.25,3.89,1.72,5.0,3.75,1.7,5.0,3.7,1.7,5.2,3.9,1.7,5.34,4.05,1.71,5.0,3.8,1.7,5.25,3.9,1.73,35,5.55,5.09,4.1,3.88,1.75,1.7,31,1.89,1.81,2.1,2.01,19,0.75,2.04,1.99,1.93,1.88,5.25,3.75,1.78,,,
133,E0,28/11/17,West Brom,Newcastle,2,2,D,1,0,H,L Probert,8,14,4,4,13,12,1,6,0,0,0,0,2.37,3.1,3.5,2.35,3.1,3.3,2.4,3.1,3.15,2.35,3.1,3.4,2.37,3.21,3.49,2.38,3.1,3.4,2.38,3.2,3.4,35,2.41,2.35,3.21,3.12,3.6,3.35,31,2.55,2.41,1.62,1.56,20,-0.25,2.02,1.99,1.93,1.9,2.47,3.1,3.41,,,
134,E0,29/11/17,Arsenal,Huddersfield,5,0,H,1,0,H,G Scott,21,7,7,2,10,12,7,2,0,1,0,0,1.19,7.5,17.0,1.18,7.0,17.0,1.2,6.5,15.0,1.2,6.5,15.0,1.23,7.23,14.43,1.2,7.0,15.0,1.2,7.0,19.0,35,1.23,1.2,7.5,6.88,19.0,14.72,29,1.54,1.49,2.65,2.56,19,-2.0,2.1,2.04,1.9,1.83,1.18,8.3,18.5,,,
135,E0,29/11/17,Bournemouth,Burnley,1,2,A,0,1,A,R East,10,10,2,4,9,11,4,6,0,1,0,0,2.0,3.39,4.33,2.0,3.3,4.1,2.1,3.3,3.6,1.95,3.25,4.0,2.0,3.39,4.47,1.95,3.4,4.2,2.0,3.4,4.33,34,2.1,1.98,3.5,3.34,4.6,4.13,28,2.28,2.19,1.72,1.67,18,-0.25,1.74,1.69,2.3,2.23,2.21,3.22,3.88,,,
136,E0,29/11/17,Chelsea,Swansea,1,0,H,0,0,D,N Swarbrick,21,2,10,0,10,7,15,1,1,0,0,0,1.18,8.0,17.0,1.19,6.75,16.5,1.2,6.5,15.0,1.18,6.5,19.0,1.2,7.85,17.11,1.2,7.0,17.0,1.18,7.5,21.0,35,1.2,1.19,8.0,7.16,21.0,16.0,31,1.59,1.53,2.6,2.45,19,-2.0,2.02,1.97,1.94,1.9,1.21,7.55,17.0,,,
137,E0,29/11/17,Everton,West Ham,4,0,H,2,0,H,M Oliver,8,7,5,3,16,6,2,6,2,1,0,0,2.37,3.29,3.29,2.3,3.3,3.2,2.2,3.35,3.3,2.25,3.25,3.1,2.33,3.38,3.39,2.3,3.3,3.3,2.38,3.3,3.4,35,2.4,2.31,3.4,3.27,3.4,3.25,30,2.1,2.02,1.88,1.79,19,-0.25,2.03,1.97,1.94,1.91,2.6,3.24,3.06,,,
138,E0,29/11/17,Man City,Southampton,2,1,H,0,0,D,P Tierney,26,7,12,2,12,11,6,5,1,1,0,0,1.19,8.0,15.0,1.17,7.5,17.0,1.17,7.5,15.0,1.18,7.0,17.0,1.2,8.2,15.02,1.2,7.0,17.0,1.2,8.0,15.0,35,1.21,1.19,8.5,7.39,19.0,14.99,29,1.44,1.41,3.15,2.87,19,-2.0,1.94,1.88,2.06,1.98,1.25,6.7,13.57,,,
139,E0,29/11/17,Stoke,Liverpool,0,3,A,0,1,A,M Atkinson,10,14,1,7,8,10,5,9,1,5,0,0,6.5,4.5,1.55,6.0,4.4,1.53,6.2,4.0,1.55,6.0,4.25,1.5,6.45,4.69,1.53,6.0,4.5,1.53,6.5,4.6,1.53,35,6.5,6.01,4.69,4.41,1.57,1.53,31,1.64,1.57,2.5,2.38,19,1.0,2.07,2.02,1.88,1.85,6.21,4.58,1.56,,,
140,E0,02/12/17,Arsenal,Man United,1,3,A,0,2,A,A Marriner,33,8,15,4,11,10,12,1,3,2,0,1,2.5,3.39,3.0,2.45,3.25,3.0,2.5,3.2,2.95,2.37,3.3,2.9,2.44,3.42,3.14,2.5,3.2,3.0,2.45,3.4,3.1,35,2.52,2.44,3.5,3.31,3.2,2.99,31,2.01,1.93,1.95,1.89,20,-0.25,2.14,2.1,1.85,1.8,2.32,3.43,3.36,,,
141,E0,02/12/17,Brighton,Liverpool,1,5,A,0,2,A,G Scott,6,12,2,6,8,7,2,2,1,0,0,0,7.5,4.5,1.5,6.25,4.5,1.5,6.5,4.2,1.5,7.0,4.2,1.5,7.58,4.55,1.5,6.5,4.5,1.5,7.5,4.5,1.5,35,7.58,6.92,4.55,4.34,1.54,1.49,30,1.85,1.77,2.12,2.05,20,1.0,2.13,2.09,1.84,1.8,7.25,4.39,1.53,,,
142,E0,02/12/17,Chelsea,Newcastle,3,1,H,2,1,H,K Friend,23,8,9,2,8,13,11,4,0,1,0,0,1.25,6.5,15.0,1.25,6.25,11.5,1.25,6.0,11.0,1.25,5.5,13.0,1.26,6.45,14.0,1.25,6.0,13.0,1.25,6.25,15.0,34,1.27,1.25,6.55,6.04,15.0,12.95,33,1.66,1.61,2.42,2.32,18,-1.75,2.05,2.0,1.95,1.88,1.24,6.65,16.5,,,
143,E0,02/12/17,Everton,Huddersfield,2,0,H,0,0,D,C Kavanagh,6,5,4,3,12,9,2,5,2,1,0,0,1.72,3.79,5.5,1.7,3.7,5.25,1.7,3.7,5.0,1.7,3.5,5.2,1.72,3.82,5.63,1.73,3.5,5.5,1.67,3.8,6.0,34,1.75,1.71,3.85,3.68,6.0,5.3,30,2.12,2.04,1.85,1.79,19,-0.75,1.95,1.91,2.03,1.97,1.86,3.52,5.01,,,
144,E0,02/12/17,Leicester,Burnley,1,0,H,1,0,H,P Tierney,16,14,3,4,3,11,10,7,0,2,0,0,1.83,3.6,5.0,1.83,3.5,4.6,1.9,3.5,4.1,1.8,3.4,4.8,1.83,3.64,5.05,1.75,3.6,5.0,1.83,3.6,5.0,35,1.9,1.8,3.7,3.54,5.25,4.77,31,2.27,2.16,1.76,1.7,19,-0.75,2.15,2.08,1.84,1.81,2.1,3.27,4.2,,,
145,E0,02/12/17,Stoke,Swansea,2,1,H,2,1,H,C Pawson,10,10,3,3,12,10,2,6,2,0,0,0,1.95,3.39,4.5,1.95,3.3,4.25,1.9,3.5,4.1,1.91,3.3,4.25,1.96,3.41,4.61,1.95,3.4,4.2,1.95,3.4,4.6,35,1.98,1.93,3.5,3.34,4.61,4.36,30,2.3,2.19,1.74,1.68,19,-0.5,1.96,1.93,1.99,1.96,1.81,3.68,5.13,,,
146,E0,02/12/17,Watford,Tottenham,1,1,D,1,1,D,M Atkinson,6,8,2,2,16,8,7,2,4,1,0,1,5.0,4.0,1.72,4.75,3.9,1.72,4.5,3.6,1.8,4.75,3.9,1.67,5.14,4.18,1.7,5.0,3.8,1.73,5.0,4.1,1.73,35,5.3,4.9,4.2,3.93,1.8,1.7,30,1.75,1.69,2.26,2.18,19,0.75,2.02,1.99,1.94,1.89,5.26,4.44,1.65,,,
147,E0,02/12/17,West Brom,Crystal Palace,0,0,D,0,0,D,M Oliver,20,10,6,2,11,10,3,7,3,1,0,0,2.5,3.2,3.2,2.5,3.1,3.1,2.5,3.1,3.0,2.4,3.0,3.1,2.52,3.17,3.25,2.5,3.1,3.1,2.5,3.2,3.2,35,2.57,2.47,3.2,3.1,3.35,3.12,33,2.51,2.39,1.62,1.57,20,-0.25,2.15,2.1,1.83,1.8,2.73,3.1,3.02,,,
148,E0,03/12/17,Bournemouth,Southampton,1,1,D,1,0,H,J Moss,16,15,5,4,6,12,5,4,2,1,0,0,2.89,3.25,2.39,2.95,3.1,2.55,2.7,3.2,2.7,3.0,3.1,2.45,3.16,3.22,2.54,3.0,3.1,2.6,3.1,3.25,2.5,35,3.16,2.98,3.3,3.17,2.7,2.51,30,2.25,2.16,1.74,1.69,18,0.25,1.81,1.78,2.2,2.13,3.62,3.29,2.27,,,
149,E0,03/12/17,Man City,West Ham,2,1,H,0,1,A,M Dean,24,7,8,4,5,7,10,4,2,2,0,0,1.08,11.0,21.0,1.1,10.5,21.0,1.12,9.0,20.0,1.09,11.0,29.0,1.12,13.0,19.5,1.11,10.0,23.0,1.07,12.0,26.0,35,1.13,1.1,13.0,10.73,29.0,22.34,28,1.25,1.24,4.33,3.88,19,-2.75,2.0,1.96,1.95,1.92,1.11,12.5,26.0,,,
150,E0,09/12/17,Burnley,Watford,1,0,H,1,0,H,L Probert,8,11,5,2,10,12,3,5,1,0,0,1,2.6,3.25,3.0,2.45,3.2,3.0,2.4,3.2,3.05,2.5,3.1,3.0,2.62,3.26,3.03,2.5,3.2,2.88,2.6,3.2,3.1,38,2.63,2.53,3.3,3.18,3.1,2.98,32,2.38,2.27,1.69,1.64,23,-0.25,2.21,2.13,1.8,1.76,2.85,3.23,2.78,,,
151,E0,09/12/17,Crystal Palace,Bournemouth,2,2,D,2,2,D,K Friend,24,11,8,5,14,14,6,3,5,2,0,0,2.04,3.5,4.0,2.0,3.4,3.9,2.1,3.3,3.6,2.0,3.25,3.8,2.04,3.47,4.16,1.91,3.4,4.0,2.1,3.5,3.7,38,2.1,2.01,3.53,3.41,4.16,3.89,32,2.13,2.08,1.81,1.75,23,-0.25,1.78,1.73,2.24,2.16,1.97,3.62,4.23,,,
152,E0,09/12/17,Huddersfield,Brighton,2,0,H,2,0,H,S Attwell,19,7,6,2,6,10,8,1,0,0,0,0,2.7,3.1,3.0,2.55,3.0,3.1,2.6,3.2,2.8,2.55,2.9,3.0,2.69,3.02,3.15,2.62,2.9,3.0,2.7,3.0,3.13,38,2.73,2.63,3.2,2.97,3.2,3.04,34,3.01,2.78,1.47,1.43,23,-0.25,2.28,2.19,1.75,1.71,2.73,2.91,3.22,,,
153,E0,09/12/17,Newcastle,Leicester,2,3,A,1,1,D,N Swarbrick,10,13,4,5,10,9,6,5,2,1,0,0,2.62,3.29,2.89,2.55,3.2,2.9,2.7,3.3,2.6,2.5,3.25,2.8,2.64,3.32,2.95,2.5,3.25,2.8,2.63,3.3,2.9,38,2.7,2.58,3.35,3.24,2.95,2.85,32,2.05,2.0,1.87,1.82,23,-0.25,2.28,2.19,1.77,1.71,2.61,3.27,3.02,,,
154,E0,09/12/17,Swansea,West Brom,1,0,H,0,0,D,M Dean,18,7,3,1,8,18,6,3,2,5,0,0,2.7,3.1,3.0,2.6,3.0,3.0,2.6,3.1,2.85,2.6,2.9,2.9,2.74,3.04,3.08,2.6,3.0,2.9,2.7,3.0,3.1,38,2.75,2.65,3.1,2.99,3.15,2.99,34,2.8,2.63,1.53,1.48,23,-0.25,2.3,2.22,1.74,1.69,2.84,2.96,3.03,,,
155,E0,09/12/17,Tottenham,Stoke,5,1,H,1,0,H,R East,20,4,11,3,12,9,12,6,1,0,0,0,1.28,6.5,11.0,1.26,6.0,11.5,1.3,5.5,9.5,1.28,5.5,11.0,1.3,6.24,10.68,1.25,6.0,11.0,1.29,6.25,11.0,38,1.31,1.28,6.5,5.93,12.0,10.61,33,1.57,1.51,2.65,2.54,23,-1.75,2.06,2.0,1.9,1.86,1.28,6.45,11.7,,,
156,E0,09/12/17,West Ham,Chelsea,1,0,H,1,0,H,A Taylor,5,19,2,2,10,10,4,3,6,1,0,0,7.5,4.5,1.5,7.25,4.5,1.45,6.2,4.0,1.55,7.0,4.2,1.5,7.45,4.67,1.49,7.0,4.0,1.5,7.5,4.6,1.5,37,7.5,6.98,4.67,4.4,1.55,1.49,30,1.91,1.8,2.1,2.02,23,1.0,2.16,2.09,1.83,1.78,7.55,4.68,1.48,,,
157,E0,10/12/17,Liverpool,Everton,1,1,D,1,0,H,C Pawson,23,3,3,2,8,11,12,1,1,3,0,0,1.3,6.0,11.0,1.3,5.5,10.0,1.4,5.0,7.0,1.28,5.5,11.0,1.29,6.28,11.6,1.3,5.0,10.0,1.29,6.0,10.0,37,1.4,1.29,6.29,5.77,12.0,10.37,30,1.52,1.48,2.8,2.62,23,-1.75,2.05,1.99,1.91,1.86,1.37,5.25,9.95,,,
158,E0,10/12/17,Man United,Man City,1,2,A,1,1,D,M Oliver,8,14,5,7,16,10,2,8,4,2,0,0,3.39,3.5,2.25,3.3,3.6,2.15,3.15,3.3,2.3,3.2,3.4,2.15,3.44,3.56,2.23,3.3,3.4,2.15,3.3,3.5,2.25,38,3.5,3.32,3.6,3.45,2.3,2.2,33,1.9,1.83,2.04,1.98,23,0.25,2.01,1.94,1.98,1.92,3.42,3.57,2.23,,,
159,E0,10/12/17,Southampton,Arsenal,1,1,D,1,0,H,R Madley,6,11,3,6,12,10,4,5,2,2,0,0,4.0,3.75,1.95,4.0,3.6,1.91,3.8,3.4,2.0,3.75,3.5,1.95,3.85,3.79,2.01,3.8,3.6,1.91,4.0,3.7,1.95,38,4.2,3.85,3.8,3.6,2.03,1.95,32,1.85,1.8,2.12,2.02,22,0.25,2.27,2.19,1.75,1.71,4.2,3.8,1.93,,,
160,E0,12/12/17,Burnley,Stoke,1,0,H,0,0,D,M Jones,10,14,2,7,6,14,6,4,0,0,0,0,2.29,3.2,3.6,2.25,3.1,3.5,2.4,3.2,3.05,2.25,3.2,3.6,2.3,3.25,3.6,2.3,3.1,3.3,2.25,3.2,3.75,38,2.4,2.26,3.3,3.17,3.75,3.48,33,2.48,2.38,1.62,1.58,24,-0.25,1.96,1.91,2.01,1.95,2.4,3.23,3.4,,,
161,E0,12/12/17,Crystal Palace,Watford,2,1,H,0,1,A,L Mason,14,7,4,2,14,18,4,6,2,1,0,1,2.29,3.5,3.25,2.25,3.4,3.25,2.4,3.1,3.15,2.3,3.5,3.2,2.29,3.51,3.34,2.25,3.5,3.25,2.3,3.5,3.3,38,2.4,2.26,3.6,3.45,3.35,3.21,33,1.91,1.84,2.05,1.98,24,-0.25,2.0,1.94,1.97,1.92,2.27,3.53,3.39,,,
162,E0,12/12/17,Huddersfield,Chelsea,1,3,A,0,2,A,A Marriner,7,12,2,5,11,4,1,3,0,0,0,0,9.0,4.5,1.44,8.5,4.33,1.42,7.5,4.8,1.4,8.5,4.4,1.44,8.36,4.68,1.46,9.0,4.6,1.4,8.5,4.6,1.45,38,9.0,8.31,4.8,4.43,1.48,1.44,33,2.03,1.95,1.95,1.88,23,1.25,1.86,1.83,2.1,2.03,9.21,4.48,1.45,,,
163,E0,13/12/17,Liverpool,West Brom,0,0,D,0,0,D,P Tierney,14,6,5,1,16,6,5,7,1,0,0,0,1.22,7.0,15.0,1.2,7.0,13.5,1.25,6.0,11.0,1.2,6.5,15.0,1.23,7.25,14.75,1.2,7.0,15.0,1.22,7.0,13.0,37,1.25,1.21,7.25,6.69,15.25,13.99,33,1.56,1.52,2.62,2.53,24,-2.0,2.12,2.05,1.85,1.81,1.21,7.8,15.75,,,
164,E0,13/12/17,Man United,Bournemouth,1,0,H,1,0,H,G Scott,9,14,2,7,14,12,4,9,1,2,0,0,1.28,6.0,12.0,1.26,5.75,11.5,1.25,6.0,11.0,1.28,5.5,12.0,1.29,6.26,11.64,1.29,5.5,12.0,1.29,6.0,13.0,38,1.3,1.28,6.35,5.75,13.0,11.73,29,1.67,1.63,2.39,2.27,22,-1.75,2.12,2.05,1.85,1.8,1.3,6.2,11.05,,,
165,E0,13/12/17,Newcastle,Everton,0,1,A,0,1,A,M Atkinson,16,7,4,4,10,11,4,1,1,2,1,0,2.39,3.29,3.25,2.35,3.2,3.25,2.6,3.3,2.7,2.35,3.2,3.1,2.41,3.29,3.32,2.4,3.2,3.2,2.4,3.4,3.2,38,2.6,2.38,3.4,3.25,3.35,3.17,33,2.2,2.11,1.8,1.73,24,-0.25,2.08,2.02,1.88,1.84,2.19,3.32,3.81,,,
166,E0,13/12/17,Southampton,Leicester,1,4,A,0,3,A,C Kavanagh,12,16,4,11,13,9,9,9,1,0,0,0,2.1,3.39,3.89,2.05,3.4,3.7,2.05,3.35,3.7,2.05,3.3,3.7,2.1,3.45,3.95,2.05,3.4,3.8,2.1,3.4,3.9,38,2.12,2.06,3.5,3.39,4.18,3.78,33,2.11,2.04,1.85,1.79,23,-0.25,1.82,1.77,2.17,2.1,1.94,3.49,4.56,,,
167,E0,13/12/17,Swansea,Man City,0,4,A,0,2,A,A Taylor,7,23,3,10,12,6,2,5,0,0,0,0,15.0,6.5,1.25,13.0,6.5,1.22,11.0,6.0,1.25,13.0,6.0,1.22,13.5,6.85,1.25,13.0,6.0,1.25,15.0,6.5,1.25,38,15.0,13.07,7.0,6.23,1.27,1.24,33,1.55,1.49,2.75,2.6,23,2.0,1.8,1.72,2.26,2.15,13.0,7.15,1.24,,,
168,E0,13/12/17,Tottenham,Brighton,2,0,H,1,0,H,R Madley,25,7,8,4,5,10,10,2,1,1,0,0,1.25,6.5,15.0,1.25,6.0,12.5,1.27,6.0,10.0,1.22,5.8,13.0,1.25,6.8,13.55,1.25,6.0,13.0,1.25,6.5,15.0,38,1.27,1.24,6.8,6.18,16.0,13.29,33,1.68,1.62,2.4,2.29,23,-1.75,1.95,1.89,2.02,1.97,1.22,7.2,16.5,,,
169,E0,13/12/17,West Ham,Arsenal,0,0,D,0,0,D,J Moss,6,22,0,3,9,9,1,7,1,0,0,0,5.25,4.2,1.66,5.25,4.2,1.62,5.0,4.0,1.65,5.2,4.0,1.61,5.36,4.44,1.65,5.5,4.0,1.65,5.4,4.3,1.65,38,5.5,5.26,4.45,4.15,1.67,1.64,32,1.72,1.66,2.3,2.21,23,0.75,2.14,2.07,1.83,1.79,5.45,4.26,1.66,,,
170,E0,16/12/17,Arsenal,Newcastle,1,0,H,1,0,H,S Attwell,23,10,5,2,13,9,7,5,2,1,0,0,1.25,6.5,14.0,1.26,5.75,12.0,1.25,6.0,11.0,1.25,6.0,13.0,1.27,6.8,11.75,1.25,6.0,13.0,1.25,6.5,15.0,35,1.29,1.25,6.8,6.15,15.0,12.08,30,1.5,1.46,2.89,2.71,20,-1.75,1.97,1.9,2.02,1.96,1.26,6.9,12.45,,,
171,E0,16/12/17,Brighton,Burnley,0,0,D,0,0,D,C Kavanagh,12,11,2,6,13,13,8,2,4,2,0,0,2.62,3.0,3.2,2.55,2.9,3.2,2.65,3.3,2.65,2.45,2.9,3.1,2.62,2.95,3.34,2.62,2.9,3.2,2.55,3.0,3.3,35,2.7,2.56,3.3,2.93,3.4,3.2,31,3.0,2.8,1.48,1.44,21,-0.25,2.2,2.13,1.81,1.77,2.5,2.89,3.64,,,
172,E0,16/12/17,Chelsea,Southampton,1,0,H,1,0,H,R East,24,6,8,2,8,16,8,4,1,3,0,0,1.39,5.0,9.0,1.36,5.0,8.5,1.4,4.8,7.5,1.4,4.6,8.5,1.41,5.1,8.78,1.36,5.0,9.0,1.36,5.0,10.0,35,1.42,1.38,5.2,4.86,10.0,8.55,33,1.76,1.72,2.2,2.13,20,-1.25,1.93,1.87,2.05,1.99,1.4,5.09,9.0,,,
173,E0,16/12/17,Leicester,Crystal Palace,0,3,A,0,2,A,M Atkinson,11,13,2,6,12,13,6,4,2,2,1,0,1.89,3.6,4.5,1.87,3.6,4.25,1.85,3.5,4.3,1.83,3.5,4.2,1.88,3.7,4.55,1.91,3.5,4.33,1.87,3.7,4.5,35,1.92,1.88,3.7,3.57,4.55,4.34,34,1.99,1.92,1.99,1.91,19,-0.75,2.2,2.12,1.82,1.76,1.77,3.85,5.1,,,
174,E0,16/12/17,Man City,Tottenham,4,1,H,1,0,H,C Pawson,20,7,11,2,13,20,5,1,2,4,0,0,1.55,4.59,6.0,1.5,4.6,6.0,1.5,4.2,6.5,1.53,4.25,5.75,1.57,4.6,6.0,1.53,4.5,6.0,1.55,4.6,6.25,35,1.59,1.54,4.75,4.45,6.5,5.8,31,1.58,1.54,2.6,2.48,21,-1.0,1.96,1.89,2.02,1.97,1.64,4.41,5.41,,,
175,E0,16/12/17,Stoke,West Ham,0,3,A,0,1,A,G Scott,17,14,0,7,12,13,7,9,2,1,0,0,2.29,3.29,3.5,2.2,3.3,3.4,2.2,3.3,3.4,2.2,3.2,3.3,2.31,3.35,3.46,2.3,3.3,3.3,2.3,3.3,3.4,35,2.33,2.26,3.4,3.28,3.55,3.38,33,2.15,2.08,1.8,1.75,21,-0.25,2.0,1.94,1.98,1.93,2.46,3.26,3.26,,,
176,E0,16/12/17,Watford,Huddersfield,1,4,A,0,2,A,M Oliver,13,15,3,9,12,17,8,7,2,1,1,1,1.8,3.75,5.0,1.72,3.7,5.0,1.75,3.7,4.7,1.75,3.5,4.75,1.79,3.78,5.08,1.8,3.5,5.0,1.75,3.8,5.25,35,1.81,1.76,3.85,3.67,5.25,4.87,33,2.1,2.03,1.85,1.8,20,-0.75,2.04,1.98,1.95,1.88,1.73,3.83,5.5,,,
177,E0,17/12/17,Bournemouth,Liverpool,0,4,A,0,3,A,A Marriner,6,21,2,7,5,10,2,3,1,1,0,0,6.5,4.5,1.53,6.25,4.6,1.48,6.2,4.0,1.55,6.0,4.33,1.5,6.65,4.81,1.51,6.0,4.5,1.53,6.5,4.6,1.5,35,6.65,6.27,4.81,4.52,1.55,1.5,32,1.61,1.57,2.56,2.41,21,1.0,2.13,2.08,1.84,1.8,7.35,5.25,1.44,,,
178,E0,17/12/17,West Brom,Man United,1,2,A,0,2,A,A Taylor,12,8,5,3,14,7,6,3,1,3,0,0,6.5,4.0,1.6,6.0,4.0,1.57,6.2,4.0,1.55,6.0,3.7,1.6,6.35,4.09,1.62,6.5,3.8,1.62,6.5,4.0,1.6,35,6.5,6.11,4.1,3.9,1.64,1.6,33,2.15,2.07,1.81,1.76,19,0.75,2.2,2.12,1.81,1.77,6.0,3.75,1.7,,,
179,E0,18/12/17,Everton,Swansea,3,1,H,1,1,D,J Moss,12,8,7,3,12,12,6,3,2,3,0,0,1.72,3.75,5.5,1.67,3.7,5.5,1.7,3.7,5.0,1.73,3.4,5.25,1.78,3.64,5.48,1.73,3.6,5.5,1.75,3.6,5.5,34,1.78,1.72,3.75,3.61,5.8,5.3,32,2.38,2.25,1.7,1.64,19,-0.75,2.06,1.98,1.95,1.89,1.8,3.52,5.53,,,
